<?xml version="1.0" encoding="UTF-8" standalone="no"?><Entities build="b12" majorVersion="8" minorVersion="5" modelPersistenceProviderPackage="PostgresPersistenceProviderPackage" revision="0" schemaVersion="1050" universal=""><DataShapes><DataShape baseDataShape="" description="" documentationContent="" homeMashup="" lastModifiedDate="2020-01-07T10:39:17.136+05:30" name="Action_TestDocument_Store_Datashape" projectName="Action_Project" tags=""><Owner name="Administrator" type="User"/><avatar/><DesignTimePermissions><Create/><Read/><Update/><Delete/><Metadata/></DesignTimePermissions><RunTimePermissions/><VisibilityPermissions><Visibility/></VisibilityPermissions><ConfigurationTableDefinitions/><ConfigurationTables/><FieldDefinitions><FieldDefinition aspect.isPrimaryKey="false" baseType="STRING" description="Contains" name="Contains" ordinal="27"/><FieldDefinition aspect.isPrimaryKey="false" baseType="STRING" description="Created By" name="CreatedBy" ordinal="8"/><FieldDefinition aspect.isPrimaryKey="false" baseType="STRING" description="Created Date" name="CreatedDate" ordinal="9"/><FieldDefinition aspect.isPrimaryKey="false" baseType="STRING" description="ID" name="ID" ordinal="1"/><FieldDefinition aspect.isPrimaryKey="false" baseType="STRING" description="Modified By" name="ModifiedBy" ordinal="10"/><FieldDefinition aspect.isPrimaryKey="false" baseType="STRING" description="Modified Date" name="ModifiedDate" ordinal="11"/><FieldDefinition aspect.isPrimaryKey="false" baseType="STRING" description="Project" name="Project" ordinal="4"/><FieldDefinition aspect.isPrimaryKey="false" baseType="STRING" description="ProjectClassification" name="ProjectClassification" ordinal="29"/><FieldDefinition aspect.isPrimaryKey="false" baseType="STRING" description="ProjectPhaseFVA" name="ProjectPhaseFVA" ordinal="18"/><FieldDefinition aspect.isPrimaryKey="false" baseType="STRING" description="ReviewComment" name="ReviewComment" ordinal="7"/><FieldDefinition aspect.isPrimaryKey="false" baseType="STRING" description="Shared Category" name="SharedCategory" ordinal="28"/><FieldDefinition aspect.isPrimaryKey="false" baseType="STRING" description="SharedText" name="SharedText" ordinal="30"/><FieldDefinition aspect.isPrimaryKey="false" baseType="STRING" description="Signature Comment" name="SignatureComment" ordinal="13"/><FieldDefinition aspect.isPrimaryKey="false" baseType="STRING" description="Signed By" name="SignedBy" ordinal="12"/><FieldDefinition aspect.isPrimaryKey="false" baseType="STRING" description="State" name="State" ordinal="5"/><FieldDefinition aspect.isPrimaryKey="false" baseType="STRING" description="Summary" name="Summary" ordinal="2"/></FieldDefinitions><ConfigurationChanges><ConfigurationChange changeAction="CREATE" changeReason="header : name : updated&#10;" timestamp="2020-01-07T10:23:11.800+05:30" user="Administrator"/><ConfigurationChange changeAction="MODIFY" changeReason="fields : Contains : added&#10;" timestamp="2020-01-07T10:25:09.821+05:30" user="Administrator"/><ConfigurationChange changeAction="MODIFY" changeReason="fields : SharedCategory : added, ProjectClassification : added, SharedText : added&#10;" timestamp="2020-01-07T10:26:52.585+05:30" user="Administrator"/><ConfigurationChange changeAction="MODIFY" changeReason="fields : AssignedUser : deleted&#10;" timestamp="2020-01-07T10:27:52.799+05:30" user="Administrator"/><ConfigurationChange changeAction="MODIFY" changeReason="fields : Bookmarks : deleted, LiveItemID : deleted, MajorVersionID : deleted, MinorVersionID : deleted, AuthorizesChangesTo : deleted, PlannedStartDate : deleted, PlannedEndDate : deleted, Priority : deleted, EstimatedEffort : deleted, ActualEffort : deleted, ActionFor : deleted&#10;" timestamp="2020-01-07T10:29:35.506+05:30" user="Administrator"/><ConfigurationChange changeAction="MODIFY" changeReason="fields : ActionType : deleted, Description : deleted&#10;" timestamp="2020-01-07T10:39:17.136+05:30" user="Administrator"/></ConfigurationChanges></DataShape><DataShape baseDataShape="" description="" documentationContent="" homeMashup="" lastModifiedDate="2020-01-06T14:39:56.145+05:30" name="Action_store_details_Datashape" projectName="Action_Project" tags=""><Owner name="Administrator" type="User"/><avatar/><DesignTimePermissions><Create/><Read/><Update/><Delete/><Metadata/></DesignTimePermissions><RunTimePermissions/><VisibilityPermissions><Visibility/></VisibilityPermissions><ConfigurationTableDefinitions/><ConfigurationTables/><FieldDefinitions><FieldDefinition aspect.isPrimaryKey="false" baseType="STRING" description="ActionFor" name="ActionFor" ordinal="26"/><FieldDefinition aspect.isPrimaryKey="false" baseType="STRING" description="ActionType" name="ActionType" ordinal="25"/><FieldDefinition aspect.isPrimaryKey="false" baseType="STRING" description="ActualEffort" name="ActualEffort" ordinal="24"/><FieldDefinition aspect.isPrimaryKey="false" baseType="STRING" description="Assigned User" name="AssignedUser" ordinal="3"/><FieldDefinition aspect.isPrimaryKey="false" baseType="STRING" description="AuthorizesChangesTo" name="AuthorizesChangesTo" ordinal="19"/><FieldDefinition aspect.isPrimaryKey="false" baseType="STRING" description="Bookmarks" name="Bookmarks" ordinal="14"/><FieldDefinition aspect.isPrimaryKey="false" baseType="STRING" description="Created By" name="CreatedBy" ordinal="8"/><FieldDefinition aspect.isPrimaryKey="false" baseType="STRING" description="Created Date" name="CreatedDate" ordinal="9"/><FieldDefinition aspect.isPrimaryKey="false" baseType="STRING" description="Description" name="Description" ordinal="6"/><FieldDefinition aspect.isPrimaryKey="false" baseType="STRING" description="EstimatedEffort" name="EstimatedEffort" ordinal="23"/><FieldDefinition aspect.isPrimaryKey="false" baseType="STRING" description="ID" name="ID" ordinal="1"/><FieldDefinition aspect.isPrimaryKey="false" baseType="STRING" description="Live Item ID" name="LiveItemID" ordinal="15"/><FieldDefinition aspect.isPrimaryKey="false" baseType="STRING" description="Major Version ID" name="MajorVersionID" ordinal="16"/><FieldDefinition aspect.isPrimaryKey="false" baseType="STRING" description="Minor Version ID" name="MinorVersionID" ordinal="17"/><FieldDefinition aspect.isPrimaryKey="false" baseType="STRING" description="Modified By" name="ModifiedBy" ordinal="10"/><FieldDefinition aspect.isPrimaryKey="false" baseType="STRING" description="Modified Date" name="ModifiedDate" ordinal="11"/><FieldDefinition aspect.isPrimaryKey="false" baseType="STRING" description="PlannedEndDate" name="PlannedEndDate" ordinal="21"/><FieldDefinition aspect.isPrimaryKey="false" baseType="STRING" description="PlannedStartDate" name="PlannedStartDate" ordinal="20"/><FieldDefinition aspect.isPrimaryKey="false" baseType="STRING" description="Priority" name="Priority" ordinal="22"/><FieldDefinition aspect.isPrimaryKey="false" baseType="STRING" description="Project" name="Project" ordinal="4"/><FieldDefinition aspect.isPrimaryKey="false" baseType="STRING" description="ProjectPhaseFVA" name="ProjectPhaseFVA" ordinal="18"/><FieldDefinition aspect.isPrimaryKey="false" baseType="STRING" description="ReviewComment" name="ReviewComment" ordinal="7"/><FieldDefinition aspect.isPrimaryKey="false" baseType="STRING" description="Signature Comment" name="SignatureComment" ordinal="13"/><FieldDefinition aspect.isPrimaryKey="false" baseType="STRING" description="Signed By" name="SignedBy" ordinal="12"/><FieldDefinition aspect.isPrimaryKey="false" baseType="STRING" description="State" name="State" ordinal="5"/><FieldDefinition aspect.isPrimaryKey="false" baseType="STRING" description="Summary" name="Summary" ordinal="2"/></FieldDefinitions><ConfigurationChanges><ConfigurationChange changeAction="CREATE" changeReason="header : name : updated, projectName : updated&#10;" timestamp="2020-01-06T14:24:55.776+05:30" user="Administrator"/><ConfigurationChange changeAction="MODIFY" changeReason="fields : Summary : added, CreatedDate : added, SignedBy : added, SignatureComment : added, ModifiedDate : added, CreatedBy : added, Bookmarks : added, ModifiedBy : added, LiveItemID : added, MajorVersionID : added, MinorVersionID : added, AssignedUser : added, Project : added, State : added, ProjectPhaseFVA : added, AuthorizesChangesTo : added, Description : added, PlannedStartDate : added, PlannedEndDate : added, Priority : added, EstimatedEffort : added, ActualEffort : added, ActionType : added, ReviewCom" timestamp="2020-01-06T14:37:37.015+05:30" user="Administrator"/><ConfigurationChange changeAction="MODIFY" changeReason="" timestamp="2020-01-06T14:39:56.145+05:30" user="Administrator"/></ConfigurationChanges></DataShape></DataShapes></Entities>