<?xml version="1.0" encoding="UTF-8" standalone="no"?><Entities build="b12" majorVersion="8" minorVersion="5" modelPersistenceProviderPackage="PostgresPersistenceProviderPackage" revision="0" schemaVersion="1050" universal=""><Things><Thing description="" documentationContent="" effectiveThingPackage="ODataConnector" enabled="true" homeMashup="" identifier="" lastModifiedDate="2020-01-08T14:50:53.377+05:30" name="Action_Integity_ODataConnector" projectName="Action_Project" published="false" tags="" thingTemplate="ODataConnector" valueStream=""><Owner name="Administrator" type="User"/><avatar/><DesignTimePermissions><Create/><Read/><Update/><Delete/><Metadata/></DesignTimePermissions><RunTimePermissions/><VisibilityPermissions><Visibility/></VisibilityPermissions><ConfigurationTableDefinitions/><ConfigurationTables><ConfigurationTable description="Generic Connector Connection Settings" isMultiRow="false" name="GenericConnectorConnectionSettings" ordinal="1"><DataShape><FieldDefinitions><FieldDefinition aspect.defaultValue="None" aspect.friendlyName="AuthenticationType" aspect.selectOptions="None:None|Fixed:Fixed|SSO:SSO" baseType="STRING" description="Authentication type for the connection" name="AuthenticationType" ordinal="2"/><FieldDefinition aspect.friendlyName="AuthorizationServerID" baseType="STRING" description="Connection Authorization Server ID" name="AuthorizationServerID" ordinal="3"/><FieldDefinition aspect.defaultValue="60" aspect.friendlyName="RefreshIntervalInMinutes" baseType="LONG" description="Defines the interval for refreshing the endpoint cache. Value must be non-negative." name="RefreshIntervalInMinutes" ordinal="1"/></FieldDefinitions></DataShape><Rows><Row><AuthenticationType><![CDATA[Fixed]]></AuthenticationType><AuthorizationServerID/><RefreshIntervalInMinutes>60</RefreshIntervalInMinutes></Row></Rows></ConfigurationTable><ConfigurationTable description="List of authorization server scopes" isMultiRow="true" name="AuthorizationServerScopesSettings" ordinal="2"><DataShape><FieldDefinitions><FieldDefinition aspect.friendlyName="Scope" baseType="STRING" description="A single scope for the authorization server." name="Scope" ordinal="0"/></FieldDefinitions></DataShape><Rows/></ConfigurationTable><ConfigurationTable description="Configuration options required to get csrf token" isMultiRow="false" name="CSRFSettings" ordinal="2"><DataShape><FieldDefinitions><FieldDefinition aspect.friendlyName="CSRFTokenName" baseType="STRING" description="The name of the token that the back-end system will return the token value with" name="CSRFTokenName" ordinal="2"/><FieldDefinition aspect.friendlyName="RelativeUrlForCSRFGetRequest" baseType="STRING" description="Relative url against which to make the GET request so the csrf token can be retrieved from the response" name="RelativeUrlForCSRFGetRequest" ordinal="1"/></FieldDefinitions></DataShape><Rows><Row><CSRFTokenName/><RelativeUrlForCSRFGetRequest/></Row></Rows></ConfigurationTable><ConfigurationTable description="HTTP Connector Connection Settings" isMultiRow="false" name="HTTPConnectorConnectionSettings" ordinal="3"><DataShape><FieldDefinitions><FieldDefinition aspect.friendlyName="AuthPassword" baseType="PASSWORD" description="Password to authenticate against the connected system" name="AuthPassword" ordinal="2"/><FieldDefinition aspect.friendlyName="AuthUsername" baseType="STRING" description="Username to authenticate against connected system" name="AuthUsername" ordinal="1"/><FieldDefinition aspect.friendlyName="BaseURL" baseType="STRING" description="Base URL of the connected system" name="BaseURL" ordinal="3"/><FieldDefinition aspect.friendlyName="ConnectionUrl" baseType="STRING" description="Connection Validation URL to the connected system" name="ConnectionUrl" ordinal="5"/><FieldDefinition aspect.friendlyName="RelativeUrl" baseType="STRING" description="Relative URL to the location of connected system" name="RelativeUrl" ordinal="4"/></FieldDefinitions></DataShape><Rows><Row><AuthPassword><![CDATA[ATQO3fDVOUDFjcGtqWLf8w==:nyYdg+xgLU5mWklmJsPSbA==]]></AuthPassword><AuthUsername><![CDATA[localadmin]]></AuthUsername><BaseURL><![CDATA[http://BLTSP01670.lnties.com:7001]]></BaseURL><ConnectionUrl><![CDATA[/rws/odata/ptc/ilm/items/$metadata]]></ConnectionUrl><RelativeUrl><![CDATA[/rws/odata/ptc/ilm/items]]></RelativeUrl></Row></Rows></ConfigurationTable><ConfigurationTable description="OData Connector Connection Settings" isMultiRow="true" name="ODataConnectorConnectionSettings" ordinal="3"><DataShape><FieldDefinitions><FieldDefinition aspect.friendlyName="ServiceRootRelativeURL" baseType="STRING" description="Relative URL OData service root" name="ServiceRootRelativeURL" ordinal="0"/></FieldDefinitions></DataShape><Rows/></ConfigurationTable></ConfigurationTables><ThingShape><PropertyDefinitions/><ServiceDefinitions><ServiceDefinition aspect.isAsync="false" category="" description="" isAllowOverride="false" isLocalOnly="false" isOpen="false" isPrivate="false" name="getAllAction"><ResultType aspect.dataShape="Action_store_details_Datashape" baseType="INFOTABLE" description="" name="result" ordinal="0"/><ParameterDefinitions><FieldDefinition aspect.dataShape="" aspect.isRequired="false" baseType="STRING" description="" name="$expand" ordinal="0"/><FieldDefinition aspect.dataShape="" aspect.isRequired="false" baseType="STRING" description="" name="$filter" ordinal="0"/><FieldDefinition aspect.dataShape="" aspect.isRequired="false" baseType="STRING" description="" name="$select" ordinal="0"/><FieldDefinition aspect.dataShape="" aspect.isRequired="false" baseType="INTEGER" description="" name="$skip" ordinal="0"/><FieldDefinition aspect.dataShape="" aspect.isRequired="false" baseType="INTEGER" description="" name="$top" ordinal="0"/></ParameterDefinitions></ServiceDefinition><ServiceDefinition aspect.isAsync="false" category="" description="" isAllowOverride="false" isLocalOnly="false" isOpen="false" isPrivate="false" name="getTestDocumentByID"><ResultType aspect.dataShape="Action_TestDocument_Store_Datashape" baseType="INFOTABLE" description="" name="result" ordinal="0"/><ParameterDefinitions><FieldDefinition aspect.dataShape="" aspect.isRequired="false" baseType="STRING" description="" name="$expand" ordinal="0"/><FieldDefinition aspect.dataShape="" aspect.isRequired="false" baseType="STRING" description="" name="$select" ordinal="0"/><FieldDefinition aspect.dataShape="" aspect.isRequired="true" baseType="STRING" description="" name="ID" ordinal="0"/></ParameterDefinitions></ServiceDefinition></ServiceDefinitions><EventDefinitions/><ServiceMappings/><ServiceImplementations><ServiceImplementation description="" handlerName="Route" name="getAllAction"><ConfigurationTables><ConfigurationTable description="" isMultiRow="false" name="Route" ordinal="0"><DataShape><FieldDefinitions><FieldDefinition baseType="XML" description="DSL" name="DSL" ordinal="0"/><FieldDefinition baseType="JSON" description="EndpointDefinition" name="EndpointDefinition" ordinal="0"/><FieldDefinition baseType="STRING" description="EndpointId" name="EndpointId" ordinal="0"/><FieldDefinition baseType="STRING" description="EndpointURI" name="EndpointURI" ordinal="0"/><FieldDefinition baseType="STRING" description="ID" name="ID" ordinal="0"/><FieldDefinition baseType="STRING" description="MappingId" name="MappingId" ordinal="0"/><FieldDefinition baseType="GUID" description="Version" name="Version" ordinal="0"/></FieldDefinitions></DataShape><Rows><Row><EndpointDefinition><json><![CDATA[{"response":{"type":"object","properties":{"value":{"type":"array","items":{"$ref":"#/definitions/PTC.ILM.ITEMS.T12"}}}},"isReviewed":false,"produces":"application/json","alias":"getT12s","description":"","intendedServiceName":"getT12s","id":"/T12s GET","isNew":false,"parameters":[{"in":"query","name":"$select","format":"string","description":"","x-twx-basetype":"STRING","type":"string","required":false},{"in":"query","name":"$filter","format":"string","description":"","x-twx-basetype":"STRING","type":"string","required":false},{"in":"query","name":"$top","format":"string","description":"","x-twx-basetype":"INTEGER","type":"integer","required":false},{"in":"query","name":"$skip","format":"string","description":"","x-twx-basetype":"INTEGER","type":"integer","required":false},{"in":"query","name":"$expand","format":"string","description":"","x-twx-basetype":"STRING","type":"string","required":false}],"definitions":{"PTC.ILM.ITEMS.conflictItemfield":{"type":"object","properties":{"fieldName":{"x-twx-basetype":"STRING","type":"string"},"fieldValue":{"x-twx-basetype":"STRING","type":"string"},"FVAItemDetails":{"$ref":"#/definitions/PTC.ILM.ITEMS.FVAItemDetail"}}},"PTC.ILM.ITEMS.T12":{"type":"object","properties":{"changePackages":{"$ref":"#/definitions/PTC.ILM.ITEMS.changePackage"},"attachmentbaseurl":{"x-twx-basetype":"STRING","type":"string"},"F43":{"format":"double","x-twx-basetype":"NUMBER","type":"number"},"F42":{"type":"array","items":{"$ref":"#/definitions/PTC.ILM.ITEMS.attachment"}},"F01":{"format":"date-time","x-twx-basetype":"STRING","type":"string"},"F67":{"x-twx-basetype":"STRING","type":"string"},"F44":{"format":"double","x-twx-basetype":"NUMBER","type":"number"},"F03":{"x-twx-basetype":"STRING","type":"string"},"F02":{"format":"date-time","x-twx-basetype":"STRING","type":"string"},"F27":{"format":"date","x-twx-basetype":"DATETIME","type":"string"},"F49":{"x-twx-basetype":"STRING","type":"string"},"F04":{"x-twx-basetype":"STRING","type":"string"},"F26":{"format":"date","x-twx-basetype":"DATETIME","type":"string"},"F07":{"x-twx-basetype":"STRING","type":"string"},"conflictFields":{"$ref":"#/definitions/PTC.ILM.ITEMS.conflictField"},"F28":{"x-twx-basetype":"STRING","type":"string"},"F09":{"x-twx-basetype":"STRING","type":"string"},"F08":{"x-twx-basetype":"STRING","type":"string"},"ModifiedDateLongValue":{"format":"int64","x-twx-basetype":"LONG","type":"integer"},"MaskID":{"x-twx-basetype":"STRING","type":"string"},"ID":{"x-twx-basetype":"STRING","type":"string"},"stateTransitions":{"$ref":"#/definitions/PTC.ILM.ITEMS.stateTransition"},"F053":{"format":"int64","x-twx-basetype":"LONG","type":"integer"},"F79":{"x-twx-basetype":"STRING","type":"string"},"F010":{"x-twx-basetype":"STRING","type":"string"},"F054":{"format":"int64","x-twx-basetype":"LONG","type":"integer"},"F011":{"x-twx-basetype":"STRING","type":"string"},"F055":{"format":"int64","x-twx-basetype":"LONG","type":"integer"},"F15":{"x-twx-basetype":"STRING","type":"string"},"history":{"$ref":"#/definitions/PTC.ILM.ITEMS.history"},"F17":{"x-twx-basetype":"STRING","type":"string"},"F014":{"x-twx-basetype":"STRING","type":"string"},"F015":{"x-twx-basetype":"STRING","type":"string"},"F016":{"type":"array","items":{"$ref":"#/definitions/PTC.ILM.ITEMS.attachment"}},"F039":{"x-twx-basetype":"STRING","type":"string"},"FVAModifiedDateLongValues":{"x-twx-basetype":"STRING","type":"string"},"F117":{"x-twx-basetype":"STRING","type":"string"}}},"PTC.ILM.ITEMS.history":{"type":"object","properties":{"ModifiedHistory":{"type":"array","items":{"$ref":"#/definitions/PTC.ILM.ITEMS.modifiedHistory"}},"CreatedHistory":{"type":"array","items":{"$ref":"#/definitions/PTC.ILM.ITEMS.createdHistory"}}}},"PTC.ILM.ITEMS.stateTransition":{"type":"object","properties":{"targetState":{"x-twx-basetype":"STRING","type":"string"},"permission":{"x-twx-basetype":"STRING","type":"string"},"sourceState":{"x-twx-basetype":"STRING","type":"string"}}},"PTC.ILM.ITEMS.conflictItem":{"type":"object","properties":{"modifiedDate":{"format":"date-time","x-twx-basetype":"STRING","type":"string"},"modifiedBy":{"x-twx-basetype":"STRING","type":"string"},"fields":{"type":"array","items":{"$ref":"#/definitions/PTC.ILM.ITEMS.conflictItemfield"}}}},"PTC.ILM.ITEMS.conflictField":{"type":"object","properties":{"FVAModifiedDateLongValues":{"x-twx-basetype":"STRING","type":"string"},"conflictItems":{"type":"array","items":{"$ref":"#/definitions/PTC.ILM.ITEMS.conflictItem"}},"message":{"x-twx-basetype":"STRING","type":"string"},"isResolveAllowed":{"x-twx-basetype":"BOOLEAN","type":"boolean"},"lastModifiedDateLongValue":{"format":"int64","x-twx-basetype":"LONG","type":"integer"},"isCancelAllowed":{"x-twx-basetype":"BOOLEAN","type":"boolean"},"isAutoResolveAllowed":{"x-twx-basetype":"BOOLEAN","type":"boolean"}}},"PTC.ILM.ITEMS.attachment":{"type":"object","properties":{"CreatedBy":{"x-twx-basetype":"STRING","type":"string"},"ContentType":{"x-twx-basetype":"STRING","type":"string"},"Checksum":{"x-twx-basetype":"STRING","type":"string"},"FileName":{"x-twx-basetype":"STRING","type":"string"},"Summary":{"x-twx-basetype":"STRING","type":"string"},"links":{"type":"array","items":{"$ref":"#/definitions/PTC.ILM.ITEMS.link"}},"DateAdded":{"format":"date-time","x-twx-basetype":"STRING","type":"string"},"AttachmentID":{"format":"int64","x-twx-basetype":"LONG","type":"integer"},"FileSize":{"format":"int64","x-twx-basetype":"LONG","type":"integer"}}},"PTC.ILM.ITEMS.modifiedField":{"type":"object","properties":{"Field":{"x-twx-basetype":"STRING","type":"string"},"Value":{"x-twx-basetype":"STRING","type":"string"}}},"PTC.ILM.ITEMS.modifiedHistory":{"type":"object","properties":{"MKSIssueModifiedBy":{"x-twx-basetype":"STRING","type":"string"},"MKSIssueModifiedDate":{"format":"date-time","x-twx-basetype":"STRING","type":"string"},"ModifiedFields":{"type":"array","items":{"$ref":"#/definitions/PTC.ILM.ITEMS.modifiedField"}}}},"PTC.ILM.ITEMS.changePackage":{"type":"object","properties":{"summary":{"x-twx-basetype":"STRING","type":"string"},"id":{"x-twx-basetype":"STRING","type":"string"},"type":{"x-twx-basetype":"STRING","type":"string"},"entrycount":{"format":"int64","x-twx-basetype":"LONG","type":"integer"},"status":{"x-twx-basetype":"STRING","type":"string"}}},"PTC.ILM.ITEMS.createdHistory":{"type":"object","properties":{"MKSIssueCreatedBy":{"x-twx-basetype":"STRING","type":"string"},"MKSIssueCreatedDate":{"format":"date-time","x-twx-basetype":"STRING","type":"string"},"ModifiedFields":{"type":"array","items":{"$ref":"#/definitions/PTC.ILM.ITEMS.modifiedField"}}}},"PTC.ILM.ITEMS.link":{"type":"object","properties":{"Title":{"x-twx-basetype":"STRING","type":"string"},"href":{"x-twx-basetype":"STRING","type":"string"}}},"PTC.ILM.ITEMS.FVAItemDetail":{"type":"object","properties":{"ActualTargetItemType":{"x-twx-basetype":"STRING","type":"string"},"ActualTargetField":{"x-twx-basetype":"STRING","type":"string"},"ActualTargetItem":{"format":"int64","x-twx-basetype":"LONG","type":"integer"}}}},"tags":[],"consumes":"application/json"}]]></json></EndpointDefinition><EndpointId><![CDATA[/T12s GET]]></EndpointId><EndpointURI><![CDATA[direct:invoke/http]]></EndpointURI><ID><![CDATA[invoke/http]]></ID><MappingId><![CDATA[getAllAction - 33222757]]></MappingId><Version><![CDATA[1cea012c-a796-4312-9447-0f72ac7ca573]]></Version></Row></Rows></ConfigurationTable></ConfigurationTables></ServiceImplementation><ServiceImplementation description="" handlerName="Route" name="getTestDocumentByID"><ConfigurationTables><ConfigurationTable description="" isMultiRow="false" name="Route" ordinal="0"><DataShape><FieldDefinitions><FieldDefinition baseType="XML" description="DSL" name="DSL" ordinal="0"/><FieldDefinition baseType="JSON" description="EndpointDefinition" name="EndpointDefinition" ordinal="0"/><FieldDefinition baseType="STRING" description="EndpointId" name="EndpointId" ordinal="0"/><FieldDefinition baseType="STRING" description="EndpointURI" name="EndpointURI" ordinal="0"/><FieldDefinition baseType="STRING" description="ID" name="ID" ordinal="0"/><FieldDefinition baseType="STRING" description="MappingId" name="MappingId" ordinal="0"/><FieldDefinition baseType="GUID" description="Version" name="Version" ordinal="0"/></FieldDefinitions></DataShape><Rows><Row><EndpointDefinition><json><![CDATA[{"response":{"$ref":"#/definitions/PTC.ILM.ITEMS.T8"},"isReviewed":false,"produces":"application/json","alias":"getT8InT8sByID","description":"","intendedServiceName":"getT8InT8sByID","id":"/T8s('{ID}') GET","isNew":false,"parameters":[{"in":"path","name":"ID","format":"string","description":"","x-twx-basetype":"STRING","type":"string","required":true},{"in":"query","name":"$select","format":"string","description":"","x-twx-basetype":"STRING","type":"string","required":false},{"in":"query","name":"$expand","format":"string","description":"","x-twx-basetype":"STRING","type":"string","required":false}],"definitions":{"PTC.ILM.ITEMS.conflictItemfield":{"type":"object","properties":{"fieldName":{"x-twx-basetype":"STRING","type":"string"},"fieldValue":{"x-twx-basetype":"STRING","type":"string"},"FVAItemDetails":{"$ref":"#/definitions/PTC.ILM.ITEMS.FVAItemDetail"}}},"PTC.ILM.ITEMS.history":{"type":"object","properties":{"ModifiedHistory":{"type":"array","items":{"$ref":"#/definitions/PTC.ILM.ITEMS.modifiedHistory"}},"CreatedHistory":{"type":"array","items":{"$ref":"#/definitions/PTC.ILM.ITEMS.createdHistory"}}}},"PTC.ILM.ITEMS.stateTransition":{"type":"object","properties":{"targetState":{"x-twx-basetype":"STRING","type":"string"},"permission":{"x-twx-basetype":"STRING","type":"string"},"sourceState":{"x-twx-basetype":"STRING","type":"string"}}},"PTC.ILM.ITEMS.segment":{"type":"object","properties":{"Contents":{"type":"array","items":{"$ref":"#/definitions/PTC.ILM.ITEMS.content"}},"DefaultFields":{"x-twx-basetype":"STRING","type":"string"},"MaskID":{"x-twx-basetype":"STRING","type":"string"},"DefaultFieldsForSegment":{"x-twx-basetype":"STRING","type":"string"},"links":{"type":"array","items":{"$ref":"#/definitions/PTC.ILM.ITEMS.link"}},"ID":{"format":"int64","x-twx-basetype":"LONG","type":"integer"}}},"PTC.ILM.ITEMS.branch":{"type":"object","properties":{"ChildID":{"format":"int64","x-twx-basetype":"LONG","type":"integer"},"BranchTime":{"format":"date-time","x-twx-basetype":"STRING","type":"string"}}},"PTC.ILM.ITEMS.conflictItem":{"type":"object","properties":{"modifiedDate":{"format":"date-time","x-twx-basetype":"STRING","type":"string"},"modifiedBy":{"x-twx-basetype":"STRING","type":"string"},"fields":{"type":"array","items":{"$ref":"#/definitions/PTC.ILM.ITEMS.conflictItemfield"}}}},"PTC.ILM.ITEMS.conflictField":{"type":"object","properties":{"FVAModifiedDateLongValues":{"x-twx-basetype":"STRING","type":"string"},"conflictItems":{"type":"array","items":{"$ref":"#/definitions/PTC.ILM.ITEMS.conflictItem"}},"message":{"x-twx-basetype":"STRING","type":"string"},"isResolveAllowed":{"x-twx-basetype":"BOOLEAN","type":"boolean"},"lastModifiedDateLongValue":{"format":"int64","x-twx-basetype":"LONG","type":"integer"},"isCancelAllowed":{"x-twx-basetype":"BOOLEAN","type":"boolean"},"isAutoResolveAllowed":{"x-twx-basetype":"BOOLEAN","type":"boolean"}}},"PTC.ILM.ITEMS.content":{"type":"object","properties":{"SubsegmentType":{"x-twx-basetype":"STRING","type":"string"},"Category":{"x-twx-basetype":"STRING","type":"string"},"Contents":{"type":"array","items":{"$ref":"#/definitions/PTC.ILM.ITEMS.content"}},"MaskID":{"x-twx-basetype":"STRING","type":"string"},"DocumentID":{"x-twx-basetype":"STRING","type":"string"},"links":{"type":"array","items":{"$ref":"#/definitions/PTC.ILM.ITEMS.link"}},"ID":{"format":"int64","x-twx-basetype":"LONG","type":"integer"},"Section":{"x-twx-basetype":"STRING","type":"string"},"Segment":{"x-twx-basetype":"STRING","type":"string"}}},"PTC.ILM.ITEMS.attachment":{"type":"object","properties":{"CreatedBy":{"x-twx-basetype":"STRING","type":"string"},"ContentType":{"x-twx-basetype":"STRING","type":"string"},"Checksum":{"x-twx-basetype":"STRING","type":"string"},"FileName":{"x-twx-basetype":"STRING","type":"string"},"Summary":{"x-twx-basetype":"STRING","type":"string"},"links":{"type":"array","items":{"$ref":"#/definitions/PTC.ILM.ITEMS.link"}},"DateAdded":{"format":"date-time","x-twx-basetype":"STRING","type":"string"},"AttachmentID":{"format":"int64","x-twx-basetype":"LONG","type":"integer"},"FileSize":{"format":"int64","x-twx-basetype":"LONG","type":"integer"}}},"PTC.ILM.ITEMS.modifiedField":{"type":"object","properties":{"Field":{"x-twx-basetype":"STRING","type":"string"},"Value":{"x-twx-basetype":"STRING","type":"string"}}},"PTC.ILM.ITEMS.modifiedHistory":{"type":"object","properties":{"MKSIssueModifiedBy":{"x-twx-basetype":"STRING","type":"string"},"MKSIssueModifiedDate":{"format":"date-time","x-twx-basetype":"STRING","type":"string"},"ModifiedFields":{"type":"array","items":{"$ref":"#/definitions/PTC.ILM.ITEMS.modifiedField"}}}},"PTC.ILM.ITEMS.label":{"type":"object","properties":{"Comment":{"x-twx-basetype":"STRING","type":"string"},"AsOf":{"format":"date-time","x-twx-basetype":"STRING","type":"string"},"IsBaseline":{"x-twx-basetype":"BOOLEAN","type":"boolean"},"Label":{"x-twx-basetype":"STRING","type":"string"}}},"PTC.ILM.ITEMS.parameter":{"type":"object","properties":{"ParameterType":{"x-twx-basetype":"STRING","type":"string"},"Description":{"x-twx-basetype":"STRING","type":"string"},"Values":{"x-twx-basetype":"STRING","type":"string"},"ParameterName":{"x-twx-basetype":"STRING","type":"string"}}},"PTC.ILM.ITEMS.createdHistory":{"type":"object","properties":{"MKSIssueCreatedBy":{"x-twx-basetype":"STRING","type":"string"},"MKSIssueCreatedDate":{"format":"date-time","x-twx-basetype":"STRING","type":"string"},"ModifiedFields":{"type":"array","items":{"$ref":"#/definitions/PTC.ILM.ITEMS.modifiedField"}}}},"PTC.ILM.ITEMS.link":{"type":"object","properties":{"Title":{"x-twx-basetype":"STRING","type":"string"},"href":{"x-twx-basetype":"STRING","type":"string"}}},"PTC.ILM.ITEMS.FVAItemDetail":{"type":"object","properties":{"ActualTargetItemType":{"x-twx-basetype":"STRING","type":"string"},"ActualTargetField":{"x-twx-basetype":"STRING","type":"string"},"ActualTargetItem":{"format":"int64","x-twx-basetype":"LONG","type":"integer"}}},"PTC.ILM.ITEMS.parameterValue":{"type":"object","properties":{"ParameterValue":{"x-twx-basetype":"STRING","type":"string"},"isLocked":{"x-twx-basetype":"BOOLEAN","type":"boolean"},"ValueDescription":{"x-twx-basetype":"STRING","type":"string"},"ParameterName":{"x-twx-basetype":"STRING","type":"string"}}},"PTC.ILM.ITEMS.T8":{"type":"object","properties":{"F21":{"x-twx-basetype":"BOOLEAN","type":"boolean"},"F64":{"x-twx-basetype":"STRING","type":"string"},"F23":{"format":"int64","x-twx-basetype":"LONG","type":"integer"},"F67":{"x-twx-basetype":"STRING","type":"string"},"F66":{"x-twx-basetype":"BOOLEAN","type":"boolean"},"F041":{"x-twx-basetype":"STRING","type":"string"},"F69":{"x-twx-basetype":"STRING","type":"string"},"F042":{"format":"date-time","x-twx-basetype":"STRING","type":"string"},"F68":{"x-twx-basetype":"STRING","type":"string"},"F043":{"format":"date-time","x-twx-basetype":"STRING","type":"string"},"F044":{"x-twx-basetype":"BOOLEAN","type":"boolean"},"segment":{"$ref":"#/definitions/PTC.ILM.ITEMS.segment"},"ID":{"x-twx-basetype":"STRING","type":"string"},"F70":{"x-twx-basetype":"STRING","type":"string"},"F34":{"x-twx-basetype":"STRING","type":"string"},"F36":{"format":"int64","x-twx-basetype":"LONG","type":"integer"},"F031":{"x-twx-basetype":"STRING","type":"string"},"F033":{"type":"array","items":{"$ref":"#/definitions/PTC.ILM.ITEMS.parameter"}},"F1":{"type":"array","items":{"$ref":"#/definitions/PTC.ILM.ITEMS.attachment"}},"F37":{"format":"int64","x-twx-basetype":"LONG","type":"integer"},"F034":{"type":"array","items":{"$ref":"#/definitions/PTC.ILM.ITEMS.parameterValue"}},"history":{"$ref":"#/definitions/PTC.ILM.ITEMS.history"},"branches":{"$ref":"#/definitions/PTC.ILM.ITEMS.branch"},"F4":{"x-twx-basetype":"STRING","type":"string"},"labels":{"$ref":"#/definitions/PTC.ILM.ITEMS.label"},"F039":{"x-twx-basetype":"STRING","type":"string"},"F117":{"x-twx-basetype":"STRING","type":"string"},"F118":{"x-twx-basetype":"STRING","type":"string"},"F80":{"x-twx-basetype":"STRING","type":"string"},"F83":{"x-twx-basetype":"BOOLEAN","type":"boolean"},"F82":{"x-twx-basetype":"STRING","type":"string"},"F85":{"x-twx-basetype":"BOOLEAN","type":"boolean"},"F84":{"x-twx-basetype":"BOOLEAN","type":"boolean"},"attachmentbaseurl":{"x-twx-basetype":"STRING","type":"string"},"F060":{"type":"array","items":{"$ref":"#/definitions/PTC.ILM.ITEMS.loggingText"}},"F01":{"format":"date-time","x-twx-basetype":"STRING","type":"string"},"F03":{"x-twx-basetype":"STRING","type":"string"},"F47":{"x-twx-basetype":"STRING","type":"string"},"F020":{"x-twx-basetype":"STRING","type":"string"},"F02":{"format":"date-time","x-twx-basetype":"STRING","type":"string"},"F46":{"x-twx-basetype":"STRING","type":"string"},"F022":{"format":"int64","x-twx-basetype":"LONG","type":"integer"},"F04":{"x-twx-basetype":"STRING","type":"string"},"F023":{"format":"date-time","x-twx-basetype":"STRING","type":"string"},"conflictFields":{"$ref":"#/definitions/PTC.ILM.ITEMS.conflictField"},"F09":{"x-twx-basetype":"STRING","type":"string"},"F08":{"x-twx-basetype":"STRING","type":"string"},"F028":{"x-twx-basetype":"STRING","type":"string"},"ModifiedDateLongValue":{"format":"int64","x-twx-basetype":"LONG","type":"integer"},"MaskID":{"x-twx-basetype":"STRING","type":"string"},"stateTransitions":{"$ref":"#/definitions/PTC.ILM.ITEMS.stateTransition"},"F11":{"x-twx-basetype":"STRING","type":"string"},"F14":{"x-twx-basetype":"BOOLEAN","type":"boolean"},"F053":{"format":"int64","x-twx-basetype":"LONG","type":"integer"},"F010":{"x-twx-basetype":"STRING","type":"string"},"F054":{"format":"int64","x-twx-basetype":"LONG","type":"integer"},"F011":{"x-twx-basetype":"STRING","type":"string"},"F055":{"format":"int64","x-twx-basetype":"LONG","type":"integer"},"F014":{"x-twx-basetype":"STRING","type":"string"},"F015":{"x-twx-basetype":"STRING","type":"string"},"F016":{"type":"array","items":{"$ref":"#/definitions/PTC.ILM.ITEMS.attachment"}},"F017":{"x-twx-basetype":"STRING","type":"string"},"FVAModifiedDateLongValues":{"x-twx-basetype":"STRING","type":"string"}}},"PTC.ILM.ITEMS.loggingText":{"type":"object","properties":{"User":{"x-twx-basetype":"STRING","type":"string"},"Value":{"x-twx-basetype":"STRING","type":"string"},"Date":{"format":"date-time","x-twx-basetype":"STRING","type":"string"}}}},"tags":[],"consumes":"application/json"}]]></json></EndpointDefinition><EndpointId><![CDATA[/T8s('{ID}') GET]]></EndpointId><EndpointURI><![CDATA[direct:invoke/http]]></EndpointURI><ID><![CDATA[invoke/http]]></ID><MappingId><![CDATA[getTestDocumentByID - 17983589]]></MappingId><Version><![CDATA[a53976fa-a786-4825-a1d8-924acd168981]]></Version></Row></Rows></ConfigurationTable></ConfigurationTables></ServiceImplementation></ServiceImplementations><Subscriptions/></ThingShape><PropertyBindings/><RemotePropertyBindings/><RemoteServiceBindings/><RemoteEventBindings/><AlertConfigurations/><ImplementedShapes/><ThingProperties><SwaggerJSON><Value><json><![CDATA[{}]]></json></Value><Timestamp>1970-01-01T05:30:00.000+05:30</Timestamp><Quality>UNKNOWN</Quality></SwaggerJSON><AllowEndpointOverride><Value>false</Value><Timestamp>1970-01-01T05:30:00.000+05:30</Timestamp><Quality>UNKNOWN</Quality></AllowEndpointOverride></ThingProperties><ConfigurationChanges><ConfigurationChange changeAction="CREATE" changeReason="header : name : updated, projectName : updated&#10;configuration : BaseURL : updated, RelativeUrl : updated, ConnectionUrl : updated, AuthUsername : updated, AuthPassword : updated&#10;" timestamp="2020-01-06T11:15:05.970+05:30" user="Administrator"/><ConfigurationChange changeAction="MODIFY" changeReason="configuration : AuthenticationType : updated&#10;" timestamp="2020-01-06T11:16:44.744+05:30" user="Administrator"/><ConfigurationChange changeAction="MODIFY" changeReason="header : projectName : updated&#10;" timestamp="2020-01-06T11:17:30.537+05:30" user="Administrator"/><ConfigurationChange changeAction="MODIFY" changeReason="header : projectName : updated&#10;" timestamp="2020-01-06T11:17:54.086+05:30" user="Administrator"/><ConfigurationChange changeAction="MODIFY" changeReason="configuration : ConnectionUrl : updated&#10;" timestamp="2020-01-06T11:25:18.860+05:30" user="Administrator"/><ConfigurationChange changeAction="MODIFY" changeReason="configuration : RelativeUrl : updated, ConnectionUrl : updated&#10;" timestamp="2020-01-06T11:25:37.459+05:30" user="Administrator"/><ConfigurationChange changeAction="MODIFY" changeReason="configuration : RelativeUrl : updated, ConnectionUrl : updated&#10;" timestamp="2020-01-06T11:39:14.678+05:30" user="Administrator"/><ConfigurationChange changeAction="MODIFY" changeReason="services : getAllAction : service added&#10;" timestamp="2020-01-06T14:52:08.482+05:30" user="Administrator"/><ConfigurationChange changeAction="MODIFY" changeReason="services : getTestDocumentByID : service added&#10;" timestamp="2020-01-07T10:38:53.008+05:30" user="Administrator"/></ConfigurationChanges></Thing><Thing description="" documentationContent="" effectiveThingPackage="ConfiguredThing" enabled="true" homeMashup="" identifier="" lastModifiedDate="2020-01-08T19:02:33.529+05:30" name="Action_thing" projectName="Action_Project" published="false" tags="" thingTemplate="GenericThing" valueStream=""><Owner name="Administrator" type="User"/><avatar/><DesignTimePermissions><Create/><Read/><Update/><Delete/><Metadata/></DesignTimePermissions><RunTimePermissions/><VisibilityPermissions><Visibility/></VisibilityPermissions><ConfigurationTableDefinitions/><ConfigurationTables/><ThingShape><PropertyDefinitions/><ServiceDefinitions><ServiceDefinition aspect.isAsync="false" category="" description="" isAllowOverride="false" isLocalOnly="false" isOpen="false" isPrivate="false" name="changeStateIDtoValue"><ResultType aspect.dataShape="Action_store_details_Datashape" baseType="INFOTABLE" description="" name="result" ordinal="0"/><ParameterDefinitions/></ServiceDefinition><ServiceDefinition aspect.isAsync="false" category="" description="" isAllowOverride="false" isLocalOnly="false" isOpen="false" isPrivate="false" name="changetestDocStateIDtoValue"><ResultType aspect.dataShape="Action_TestDocument_Store_Datashape" baseType="INFOTABLE" description="" name="result" ordinal="0"/><ParameterDefinitions><FieldDefinition aspect.isRequired="true" baseType="STRING" description="" name="testDocumentID" ordinal="1"/></ParameterDefinitions></ServiceDefinition><ServiceDefinition aspect.isAsync="false" category="" description="service is credential check for integrity" isAllowOverride="false" isLocalOnly="false" isOpen="false" isPrivate="false" name="credentialCheck"><ResultType baseType="STRING" description="" name="result" ordinal="0"/><ParameterDefinitions><FieldDefinition aspect.isRequired="true" baseType="STRING" description="password for integrity auth" name="password" ordinal="2"/><FieldDefinition aspect.isRequired="true" baseType="STRING" description="userName for Auth" name="userName" ordinal="1"/></ParameterDefinitions></ServiceDefinition><ServiceDefinition aspect.isAsync="false" category="" description="" isAllowOverride="false" isLocalOnly="false" isOpen="false" isPrivate="false" name="getActionDetailsByAssignUser"><ResultType aspect.dataShape="Action_store_details_Datashape" baseType="INFOTABLE" description="" name="result" ordinal="0"/><ParameterDefinitions><FieldDefinition baseType="STRING" description="" name="assignUser" ordinal="1"/></ParameterDefinitions></ServiceDefinition><ServiceDefinition aspect.isAsync="false" category="" description="" isAllowOverride="false" isLocalOnly="false" isOpen="false" isPrivate="false" name="getActionsByID"><ResultType aspect.dataShape="Action_store_details_Datashape" baseType="INFOTABLE" description="" name="result" ordinal="0"/><ParameterDefinitions><FieldDefinition baseType="STRING" description="" name="actionID" ordinal="1"/></ParameterDefinitions></ServiceDefinition><ServiceDefinition aspect.isAsync="false" category="" description="" isAllowOverride="false" isLocalOnly="false" isOpen="false" isPrivate="false" name="getTestDocumentFromAction"><ResultType aspect.dataShape="Action_TestDocument_Store_Datashape" baseType="INFOTABLE" description="" name="result" ordinal="0"/><ParameterDefinitions><FieldDefinition baseType="STRING" description="" name="testDocumentID" ordinal="1"/></ParameterDefinitions></ServiceDefinition><ServiceDefinition aspect.isAsync="false" category="" description="" isAllowOverride="false" isLocalOnly="false" isOpen="false" isPrivate="false" name="gridQueryFilterService"><ResultType aspect.dataShape="Action_store_details_Datashape" baseType="INFOTABLE" description="" name="result" ordinal="0"/><ParameterDefinitions><FieldDefinition baseType="STRING" description="" name="assignUser" ordinal="2"/><FieldDefinition baseType="QUERY" description="" name="queryFilterInput" ordinal="1"/></ParameterDefinitions></ServiceDefinition><ServiceDefinition aspect.isAsync="false" category="" description="service is credential check for integrity" isAllowOverride="false" isLocalOnly="false" isOpen="false" isPrivate="false" name="serverStatusCheck"><ResultType baseType="STRING" description="" name="result" ordinal="0"/><ParameterDefinitions><FieldDefinition baseType="STRING" description="" name="responseStatus" ordinal="1"/></ParameterDefinitions></ServiceDefinition></ServiceDefinitions><EventDefinitions/><ServiceMappings/><ServiceImplementations><ServiceImplementation description="" handlerName="Script" name="changeStateIDtoValue"><ConfigurationTables><ConfigurationTable description="" isMultiRow="false" name="Script" ordinal="0"><DataShape><FieldDefinitions><FieldDefinition baseType="STRING" description="code" name="code" ordinal="0"/></FieldDefinitions></DataShape><Rows><Row><code><![CDATA[try{
    // result: INFOTABLE dataShape: "Action_store_details_Datashape"
    var actionResult =  Things["Action_Integity_ODataConnector"].getAllAction({
        $skip: undefined /* INTEGER */,
        $top: undefined /* INTEGER */,
        $filter: undefined /* STRING */,
        $expand: undefined /* STRING */,
        $select: undefined /* STRING */
    });
    var tableLength = actionResult.rows.length;
    for (var x=0; x < tableLength; x++) {
        var row = actionResult.rows[x];
        if(row.State == "S13"){
            row.State = "New";
        }else if(row.State == "S9"){
            row.State = "In Work";
        }else if(row.State == "S5"){
            row.State = "Completed";
        }else if(row.State == "S4"){
            row.State = "In Review";
        }else if(row.State == "S26"){
            row.State = "Aborted";
        }else if(row.State == "S25"){
            row.State = "ToBeRevised";
        }else if(row.State == "S24"){
            row.State = "Blocked";
        }
    }
    var result = actionResult;
}catch(err){
    logger.warn("err"+err);
}]]></code></Row></Rows></ConfigurationTable></ConfigurationTables></ServiceImplementation><ServiceImplementation description="" handlerName="Script" name="changetestDocStateIDtoValue"><ConfigurationTables><ConfigurationTable description="" isMultiRow="false" name="Script" ordinal="0"><DataShape><FieldDefinitions><FieldDefinition baseType="STRING" description="code" name="code" ordinal="0"/></FieldDefinitions></DataShape><Rows><Row><code><![CDATA[try{
    // result: INFOTABLE dataShape: "Action_TestDocument_Store_Datashape"
    var testdocumentResult =  Things["Action_Integity_ODataConnector"].getTestDocumentByID({
        $expand: undefined /* STRING */,
        ID: testDocumentID /* STRING */,
        $select: undefined /* STRING */
    });
    var tableLength = testdocumentResult.rows.length;
    for (var x=0; x < tableLength; x++) {
        var row = testdocumentResult.rows[x];
        if(row.State == "S14"){
            row.State = "Draft";
        }else if(row.State == "S4"){
            row.State = "In Review";
        }else if(row.State == "S30"){
            row.State = "Reviewed";
        }else if(row.State == "S6"){
            row.State = "Published";
        }else if(row.State == "S7"){
            row.State = "Retired";
        }
    }
    var result = testdocumentResult;
}catch(err){
    logger.warn("err"+err);
}]]></code></Row></Rows></ConfigurationTable></ConfigurationTables></ServiceImplementation><ServiceImplementation description="" handlerName="Script" name="credentialCheck"><ConfigurationTables><ConfigurationTable description="" isMultiRow="false" name="Script" ordinal="0"><DataShape><FieldDefinitions><FieldDefinition baseType="STRING" description="code" name="code" ordinal="0"/></FieldDefinitions></DataShape><Rows><Row><code><![CDATA[var result;
try {
    var params = {
        proxyScheme: undefined /* STRING */,
        headers: undefined /* JSON */,
        ignoreSSLErrors: undefined /* BOOLEAN */,
        useNTLM: undefined /* BOOLEAN */,
        workstation: undefined /* STRING */,
        useProxy: undefined /* BOOLEAN */,
        withCookies: undefined /* BOOLEAN */,
        proxyHost: undefined /* STRING */,
        url: "http://BLTSP01670.lnties.com:7001/rws/odata/ptc/ilm/items" /* STRING */,
        timeout: undefined /* NUMBER */,
        appendHeader: undefined /* BOOLEAN */,
        proxyPort: undefined /* INTEGER */,
        password: password /* STRING */,
        domain: undefined /* STRING */,
        username: userName /* STRING */
    };
    var response = Resources["ContentLoaderFunctions"].GetText(params);
    logger.warn("response  : "+response);
    if(response.includes("401")){
    	result = "AuthFailed";
    }else{
        result = "Success";
    }    
} catch(err) {
    var responseMessage = err;
    logger.warn("err message  : "+result);
    result = "ServerDown";
}


]]></code></Row></Rows></ConfigurationTable></ConfigurationTables></ServiceImplementation><ServiceImplementation description="" handlerName="Script" name="getActionDetailsByAssignUser"><ConfigurationTables><ConfigurationTable description="" isMultiRow="false" name="Script" ordinal="0"><DataShape><FieldDefinitions><FieldDefinition baseType="STRING" description="code" name="code" ordinal="0"/></FieldDefinitions></DataShape><Rows><Row><code><![CDATA[try{
    var filter = 
    {
        "filters": {
            "type": "EQ",
            "fieldName": "AssignedUser",
            "value": assignUser
        }
    }; 
    // result: INFOTABLE dataShape: "Action_store_details_Datashape"
    var getInfotable =  me.changeStateIDtoValue();
    var params = {
        t: getInfotable /* INFOTABLE */,
        query: filter /* QUERY */
    };
    var result = Resources["InfoTableFunctions"].Query(params);
}catch(err){
    logger.warn("err"+err);
}]]></code></Row></Rows></ConfigurationTable></ConfigurationTables></ServiceImplementation><ServiceImplementation description="" handlerName="Script" name="getActionsByID"><ConfigurationTables><ConfigurationTable description="" isMultiRow="false" name="Script" ordinal="0"><DataShape><FieldDefinitions><FieldDefinition baseType="STRING" description="code" name="code" ordinal="0"/></FieldDefinitions></DataShape><Rows><Row><code><![CDATA[try{
    var filter = 
    {
        "filters": {
            "type": "EQ",
            "fieldName": "ID",
            "value": actionID
        }
    }; 
    // result: INFOTABLE dataShape: "Action_store_details_Datashape"
    var getInfotable =  me.changeStateIDtoValue();
    var params = {
        t: getInfotable /* INFOTABLE */,
        query: filter /* QUERY */
    };
    var result = Resources["InfoTableFunctions"].Query(params);
}catch(err){
    logger.warn("err"+err);
}]]></code></Row></Rows></ConfigurationTable></ConfigurationTables></ServiceImplementation><ServiceImplementation description="" handlerName="Script" name="getTestDocumentFromAction"><ConfigurationTables><ConfigurationTable description="" isMultiRow="false" name="Script" ordinal="0"><DataShape><FieldDefinitions><FieldDefinition baseType="STRING" description="code" name="code" ordinal="0"/></FieldDefinitions></DataShape><Rows><Row><code><![CDATA[var IDs;
var json = new Object();
var entries =[];
json.rows = [];
    try{
    // Action_TestDocument_Store_Datashape entry object
    var newEntry = new Object();
    newEntry.ID = undefined; // STRING
    newEntry.Summary = undefined; // STRING
    newEntry.Project = undefined; // STRING
    newEntry.State = undefined; // STRING
    newEntry.ReviewComment = undefined; // STRING
    newEntry.CreatedBy = undefined; // STRING
    newEntry.CreatedDate = undefined; // STRING
    newEntry.ModifiedBy = undefined; // STRING
    newEntry.ModifiedDate = undefined; // STRING
    newEntry.SignedBy = undefined; // STRING
    newEntry.SignatureComment = undefined; // STRING
    newEntry.ProjectPhaseFVA = undefined; // STRING
    newEntry.Contains = undefined; // STRING
    newEntry.SharedCategory = undefined; // STRING
    newEntry.ProjectClassification = undefined; // STRING
    newEntry.SharedText = undefined; // STRING



    json.dataShape = DataShapes["Action_TestDocument_Store_Datashape"].GetDataShapeMetadataAsJSON();

        IDs = testDocumentID.split(',');
        logger.warn("IDs value : -> "+IDs);  
        var IDLength = IDs.length;
        logger.warn("IDLength Length : -> "+IDLength);  
        for(var i=0;i<IDLength;i++){
        // result: INFOTABLE dataShape: "Test_Session_Execution_StoreTestCase_DataShape"

        var resultData =  Things["Test_Session_Execution_Integrity_Connector"].changeTestCaseTypeAndState({
            TestCaseID: IDs[i] /* STRING */
        });
            var newEntry = new Object(); 
            logger.warn("resultData.ID : -> "+resultData.ID); 
            newEntry.ID = resultData.ID; // STRING
            newEntry.Type = resultData.Type; // STRING
            newEntry.Project = resultData.Project; // STRING
            newEntry.State = resultData.State; // STRING
            newEntry.Actions = resultData.Actions; // STRING
            newEntry.Created_By = resultData.Created_By; // STRING
            newEntry.Created_Date = resultData.Created_Date; // STRING
            newEntry.Modified_By = resultData.Modified_By; // STRING
            newEntry.Modified_Date = resultData.Modified_Date; // STRING
            newEntry.References = resultData.References; // STRING
            newEntry.Contained_By = resultData.Contained_By; // STRING
            newEntry.Reference_Mode = resultData.Reference_Mode; // STRING
            newEntry.Input_Revision_Date = resultData.Input_Revision_Date; // STRING
            newEntry.Document_ID = resultData.Document_ID; // STRING
            newEntry.Referenced_Item_Type = resultData.Referenced_Item_Type; // STRING
            newEntry.ProjectPhaseFVA = resultData.ProjectPhaseFVA; // STRING
            newEntry.Text = resultData.Text; // STRING
            newEntry.RecordResultsAsShared = resultData.RecordResultsAsShared; // STRING
            json.rows.push(newEntry);
        }

    var result = Resources["InfoTableFunctions"].FromJSON({json: json});
}catch(err){
    
}]]></code></Row></Rows></ConfigurationTable></ConfigurationTables></ServiceImplementation><ServiceImplementation description="" handlerName="Script" name="gridQueryFilterService"><ConfigurationTables><ConfigurationTable description="" isMultiRow="false" name="Script" ordinal="0"><DataShape><FieldDefinitions><FieldDefinition baseType="STRING" description="code" name="code" ordinal="0"/></FieldDefinitions></DataShape><Rows><Row><code><![CDATA[try{
    var getInfotable =  me.getActionDetailsByAssignUser({
        assignUser: assignUser /* STRING */
    });
    var params = {
        t: getInfotable /* INFOTABLE */,
        query: queryFilterInput /* QUERY */
    };
    var result = Resources["InfoTableFunctions"].Query(params);
}catch(err){
    logger.warn("err"+err);
}]]></code></Row></Rows></ConfigurationTable></ConfigurationTables></ServiceImplementation><ServiceImplementation description="" handlerName="Script" name="serverStatusCheck"><ConfigurationTables><ConfigurationTable description="" isMultiRow="false" name="Script" ordinal="0"><DataShape><FieldDefinitions><FieldDefinition baseType="STRING" description="code" name="code" ordinal="0"/></FieldDefinitions></DataShape><Rows><Row><code><![CDATA[var result;
try{
    if(responseStatus.includes("AuthFailed")){
    	result = "AuthFailed";
    }else{
        result = "ServerDown";
    }    
} catch(err) {
    logger.warn("err  : "+err);
}


]]></code></Row></Rows></ConfigurationTable></ConfigurationTables></ServiceImplementation></ServiceImplementations><Subscriptions/></ThingShape><PropertyBindings/><RemotePropertyBindings/><RemoteServiceBindings/><RemoteEventBindings/><AlertConfigurations/><ImplementedShapes/><ThingProperties/><ConfigurationChanges><ConfigurationChange changeAction="CREATE" changeReason="header : name : updated, projectName : updated&#10;" timestamp="2020-01-06T11:41:17.458+05:30" user="Administrator"/><ConfigurationChange changeAction="MODIFY" changeReason="services : credentialCheck : service added&#10;" timestamp="2020-01-06T11:44:23.114+05:30" user="Administrator"/><ConfigurationChange changeAction="MODIFY" changeReason="services : credentialCheck : service updated, output updated&#10;" timestamp="2020-01-06T12:05:18.781+05:30" user="Administrator"/><ConfigurationChange changeAction="MODIFY" changeReason="services : credentialCheck : output updated&#10;" timestamp="2020-01-06T12:07:45.959+05:30" user="Administrator"/><ConfigurationChange changeAction="MODIFY" changeReason="services : credentialCheck : service updated&#10;" timestamp="2020-01-06T12:08:15.777+05:30" user="Administrator"/><ConfigurationChange changeAction="MODIFY" changeReason="services : credentialCheck : service updated&#10;" timestamp="2020-01-06T12:09:10.485+05:30" user="Administrator"/><ConfigurationChange changeAction="MODIFY" changeReason="services : credentialCheck : service updated&#10;" timestamp="2020-01-06T12:10:14.429+05:30" user="Administrator"/><ConfigurationChange changeAction="MODIFY" changeReason="services : credentialCheck : service updated&#10;" timestamp="2020-01-06T12:10:52.325+05:30" user="Administrator"/><ConfigurationChange changeAction="MODIFY" changeReason="services : credentialCheck : output updated&#10;" timestamp="2020-01-06T12:15:20.559+05:30" user="Administrator"/><ConfigurationChange changeAction="MODIFY" changeReason="services : credentialCheck : service updated&#10;" timestamp="2020-01-06T12:17:32.948+05:30" user="Administrator"/><ConfigurationChange changeAction="MODIFY" changeReason="services : credentialCheck : service updated&#10;" timestamp="2020-01-06T12:19:45.911+05:30" user="Administrator"/><ConfigurationChange changeAction="MODIFY" changeReason="services : credentialCheck : service updated&#10;" timestamp="2020-01-06T12:20:01.166+05:30" user="Administrator"/><ConfigurationChange changeAction="MODIFY" changeReason="services : credentialCheck : service updated&#10;" timestamp="2020-01-06T12:21:35.493+05:30" user="Administrator"/><ConfigurationChange changeAction="MODIFY" changeReason="services : credentialCheck : output updated&#10;" timestamp="2020-01-06T13:02:31.362+05:30" user="Administrator"/><ConfigurationChange changeAction="MODIFY" changeReason="services : credentialCheck : service updated, output updated&#10;" timestamp="2020-01-06T13:06:21.398+05:30" user="Administrator"/><ConfigurationChange changeAction="MODIFY" changeReason="services : credentialCheck : service updated&#10;" timestamp="2020-01-06T13:07:37.355+05:30" user="Administrator"/><ConfigurationChange changeAction="MODIFY" changeReason="services : credentialCheck : service updated&#10;" timestamp="2020-01-06T13:08:39.308+05:30" user="Administrator"/><ConfigurationChange changeAction="MODIFY" changeReason="services : credentialCheck : service updated&#10;" timestamp="2020-01-06T13:08:53.003+05:30" user="Administrator"/><ConfigurationChange changeAction="MODIFY" changeReason="services : credentialCheck : output updated&#10;" timestamp="2020-01-06T13:12:34.051+05:30" user="Administrator"/><ConfigurationChange changeAction="MODIFY" changeReason="services : credentialCheck : service updated&#10;" timestamp="2020-01-06T13:14:45.285+05:30" user="Administrator"/><ConfigurationChange changeAction="MODIFY" changeReason="services : credentialCheck : output updated&#10;" timestamp="2020-01-06T13:15:04.983+05:30" user="Administrator"/><ConfigurationChange changeAction="MODIFY" changeReason="services : credentialCheck : service updated&#10;" timestamp="2020-01-06T13:15:37.993+05:30" user="Administrator"/><ConfigurationChange changeAction="MODIFY" changeReason="services : credentialCheck : service updated&#10;" timestamp="2020-01-06T13:16:27.486+05:30" user="Administrator"/><ConfigurationChange changeAction="MODIFY" changeReason="services : credentialCheck : service updated&#10;" timestamp="2020-01-06T13:16:59.255+05:30" user="Administrator"/><ConfigurationChange changeAction="MODIFY" changeReason="services : credentialCheck : service updated&#10;" timestamp="2020-01-06T13:18:45.920+05:30" user="Administrator"/><ConfigurationChange changeAction="MODIFY" changeReason="services : credentialCheck : service updated&#10;" timestamp="2020-01-06T13:20:58.110+05:30" user="Administrator"/><ConfigurationChange changeAction="MODIFY" changeReason="services : credentialCheck : service updated&#10;" timestamp="2020-01-06T13:21:21.169+05:30" user="Administrator"/><ConfigurationChange changeAction="MODIFY" changeReason="services : credentialCheck : service updated&#10;" timestamp="2020-01-06T13:22:02.151+05:30" user="Administrator"/><ConfigurationChange changeAction="MODIFY" changeReason="services : credentialCheck : service updated&#10;" timestamp="2020-01-06T13:22:18.977+05:30" user="Administrator"/><ConfigurationChange changeAction="MODIFY" changeReason="services : credentialCheck : service updated&#10;" timestamp="2020-01-06T13:26:16.591+05:30" user="Administrator"/><ConfigurationChange changeAction="MODIFY" changeReason="services : credentialCheck : service updated&#10;" timestamp="2020-01-06T13:27:29.433+05:30" user="Administrator"/><ConfigurationChange changeAction="MODIFY" changeReason="services : credentialCheck : service updated&#10;" timestamp="2020-01-06T13:28:20.293+05:30" user="Administrator"/><ConfigurationChange changeAction="MODIFY" changeReason="services : credentialCheck : service updated&#10;" timestamp="2020-01-06T13:29:49.350+05:30" user="Administrator"/><ConfigurationChange changeAction="MODIFY" changeReason="services : credentialCheck : service updated&#10;" timestamp="2020-01-06T13:35:38.984+05:30" user="Administrator"/><ConfigurationChange changeAction="MODIFY" changeReason="services : credentialCheck : service updated&#10;" timestamp="2020-01-06T13:39:14.811+05:30" user="Administrator"/><ConfigurationChange changeAction="MODIFY" changeReason="services : credentialCheck : service updated&#10;" timestamp="2020-01-06T13:39:45.821+05:30" user="Administrator"/><ConfigurationChange changeAction="MODIFY" changeReason="services : credentialCheck : service updated&#10;" timestamp="2020-01-06T13:42:23.168+05:30" user="Administrator"/><ConfigurationChange changeAction="MODIFY" changeReason="services : credentialCheck : service updated&#10;" timestamp="2020-01-06T13:43:44.837+05:30" user="Administrator"/><ConfigurationChange changeAction="MODIFY" changeReason="services : credentialCheck : service updated&#10;" timestamp="2020-01-06T13:44:09.156+05:30" user="Administrator"/><ConfigurationChange changeAction="MODIFY" changeReason="services : credentialCheck : service updated&#10;" timestamp="2020-01-06T13:46:24.972+05:30" user="Administrator"/><ConfigurationChange changeAction="MODIFY" changeReason="services : credentialCheck : service updated&#10;" timestamp="2020-01-06T13:48:36.596+05:30" user="Administrator"/><ConfigurationChange changeAction="MODIFY" changeReason="services : credentialCheck : service updated&#10;" timestamp="2020-01-06T13:48:54.522+05:30" user="Administrator"/><ConfigurationChange changeAction="MODIFY" changeReason="services : credentialCheck : service updated&#10;" timestamp="2020-01-06T13:49:48.561+05:30" user="Administrator"/><ConfigurationChange changeAction="MODIFY" changeReason="services : credentialCheck : service updated&#10;" timestamp="2020-01-06T13:53:33.563+05:30" user="Administrator"/><ConfigurationChange changeAction="MODIFY" changeReason="services : credentialCheck : service updated&#10;" timestamp="2020-01-06T13:53:44.817+05:30" user="Administrator"/><ConfigurationChange changeAction="MODIFY" changeReason="services : credentialCheck : service updated&#10;" timestamp="2020-01-06T14:03:03.643+05:30" user="Administrator"/><ConfigurationChange changeAction="MODIFY" changeReason="services : credentialCheck : service updated&#10;" timestamp="2020-01-06T14:03:55.915+05:30" user="Administrator"/><ConfigurationChange changeAction="MODIFY" changeReason="services : credentialCheck : service updated&#10;" timestamp="2020-01-06T14:04:23.350+05:30" user="Administrator"/><ConfigurationChange changeAction="MODIFY" changeReason="services : credentialCheck : service updated&#10;" timestamp="2020-01-06T14:04:32.418+05:30" user="Administrator"/><ConfigurationChange changeAction="MODIFY" changeReason="services : credentialCheck : service updated&#10;" timestamp="2020-01-06T14:04:47.329+05:30" user="Administrator"/><ConfigurationChange changeAction="MODIFY" changeReason="services : credentialCheck : service updated&#10;" timestamp="2020-01-06T14:05:37.416+05:30" user="Administrator"/><ConfigurationChange changeAction="MODIFY" changeReason="services : credentialCheck : service updated&#10;" timestamp="2020-01-06T14:10:41.257+05:30" user="Administrator"/><ConfigurationChange changeAction="MODIFY" changeReason="services : credentialCheck : service updated&#10;" timestamp="2020-01-06T14:11:51.382+05:30" user="Administrator"/><ConfigurationChange changeAction="MODIFY" changeReason="services : credentialCheck : service updated&#10;" timestamp="2020-01-06T14:12:15.581+05:30" user="Administrator"/><ConfigurationChange changeAction="MODIFY" changeReason="services : credentialCheck : service updated&#10;" timestamp="2020-01-06T14:13:42.678+05:30" user="Administrator"/><ConfigurationChange changeAction="MODIFY" changeReason="services : credentialCheck : service updated&#10;" timestamp="2020-01-06T14:14:42.102+05:30" user="Administrator"/><ConfigurationChange changeAction="MODIFY" changeReason="services : credentialCheck : service updated&#10;" timestamp="2020-01-06T14:14:55.199+05:30" user="Administrator"/><ConfigurationChange changeAction="MODIFY" changeReason="services : credentialCheck : service updated&#10;" timestamp="2020-01-06T14:15:51.252+05:30" user="Administrator"/><ConfigurationChange changeAction="MODIFY" changeReason="services : credentialCheck : service updated&#10;" timestamp="2020-01-06T14:17:33.414+05:30" user="Administrator"/><ConfigurationChange changeAction="MODIFY" changeReason="services : credentialCheck : service updated&#10;" timestamp="2020-01-06T14:20:17.473+05:30" user="Administrator"/><ConfigurationChange changeAction="MODIFY" changeReason="services : credentialCheck : service updated&#10;" timestamp="2020-01-06T14:21:08.282+05:30" user="Administrator"/><ConfigurationChange changeAction="MODIFY" changeReason="services : credentialCheck : service updated&#10;" timestamp="2020-01-06T14:22:07.623+05:30" user="Administrator"/><ConfigurationChange changeAction="MODIFY" changeReason="services : credentialCheck : service updated&#10;" timestamp="2020-01-06T14:22:14.462+05:30" user="Administrator"/><ConfigurationChange changeAction="MODIFY" changeReason="services : getActionDetailLists : service added, output updated, input parameter userName added, inputs updated&#10;" timestamp="2020-01-06T16:45:03.743+05:30" user="Administrator"/><ConfigurationChange changeAction="MODIFY" changeReason="services : changeStateIDtoValue : service added&#10;" timestamp="2020-01-06T16:49:38.576+05:30" user="Administrator"/><ConfigurationChange changeAction="MODIFY" changeReason="services : changeStateIDtoValue : output updated&#10;" timestamp="2020-01-06T16:49:55.057+05:30" user="Administrator"/><ConfigurationChange changeAction="MODIFY" changeReason="services : changeStateIDtoValue : service updated&#10;getActionDetailLists : service deleted&#10;getActionDetailsByAssignUser : service added&#10;" timestamp="2020-01-06T16:51:36.787+05:30" user="Administrator"/><ConfigurationChange changeAction="MODIFY" changeReason="services : getActionDetailsByAssignUser : service updated&#10;" timestamp="2020-01-06T16:52:43.119+05:30" user="Administrator"/><ConfigurationChange changeAction="MODIFY" changeReason="services : getActionDetailsByAssignUser : service updated&#10;" timestamp="2020-01-06T16:54:00.928+05:30" user="Administrator"/><ConfigurationChange changeAction="MODIFY" changeReason="services : getActionDetailsByAssignUser : service updated&#10;" timestamp="2020-01-06T16:55:41.784+05:30" user="Administrator"/><ConfigurationChange changeAction="MODIFY" changeReason="services : getActionDetailsByAssignUser : input parameter assignUser added, inputs updated&#10;" timestamp="2020-01-06T18:07:17.813+05:30" user="Administrator"/><ConfigurationChange changeAction="MODIFY" changeReason="services : getActionDetailsByAssignUser : service updated&#10;" timestamp="2020-01-06T18:08:21.954+05:30" user="Administrator"/><ConfigurationChange changeAction="MODIFY" changeReason="services : getActionDetailsByAssignUser : service updated&#10;" timestamp="2020-01-06T18:08:44.978+05:30" user="Administrator"/><ConfigurationChange changeAction="MODIFY" changeReason="services : getActionDetailsByAssignUser : service updated&#10;" timestamp="2020-01-06T18:09:31.406+05:30" user="Administrator"/><ConfigurationChange changeAction="MODIFY" changeReason="services : getActionDetailsByAssignUser : service updated&#10;" timestamp="2020-01-06T18:10:31.827+05:30" user="Administrator"/><ConfigurationChange changeAction="MODIFY" changeReason="services : getActionDetailsByAssignUser : service updated&#10;" timestamp="2020-01-06T18:22:48.025+05:30" user="Administrator"/><ConfigurationChange changeAction="MODIFY" changeReason="services : getActionDetailsByAssignUser : service updated&#10;" timestamp="2020-01-06T18:25:39.620+05:30" user="Administrator"/><ConfigurationChange changeAction="MODIFY" changeReason="services : getActionDetailsByAssignUser : service updated&#10;" timestamp="2020-01-06T18:28:16.456+05:30" user="Administrator"/><ConfigurationChange changeAction="MODIFY" changeReason="services : getActionDetailsByAssignUser : service updated&#10;" timestamp="2020-01-06T19:46:32.711+05:30" user="Administrator"/><ConfigurationChange changeAction="MODIFY" changeReason="services : getActionDetailsByAssignUser : service updated&#10;" timestamp="2020-01-06T19:48:14.880+05:30" user="Administrator"/><ConfigurationChange changeAction="MODIFY" changeReason="services : getActionDetailsByAssignUser : service updated&#10;" timestamp="2020-01-06T19:48:50.748+05:30" user="Administrator"/><ConfigurationChange changeAction="MODIFY" changeReason="services : getActionDetailsByAssignUser : service updated&#10;" timestamp="2020-01-06T19:50:16.875+05:30" user="Administrator"/><ConfigurationChange changeAction="MODIFY" changeReason="services : getActionDetailsByAssignUser : service updated&#10;" timestamp="2020-01-06T19:51:34.745+05:30" user="Administrator"/><ConfigurationChange changeAction="MODIFY" changeReason="services : getActionDetailsByAssignUser : service updated&#10;" timestamp="2020-01-06T19:52:34.777+05:30" user="Administrator"/><ConfigurationChange changeAction="MODIFY" changeReason="services : getActionDetailsByAssignUser : service updated&#10;" timestamp="2020-01-06T19:53:19.134+05:30" user="Administrator"/><ConfigurationChange changeAction="MODIFY" changeReason="services : getActionDetailsByAssignUser : input parameter assignUser updated, inputs updated&#10;" timestamp="2020-01-06T20:17:41.640+05:30" user="Administrator"/><ConfigurationChange changeAction="MODIFY" changeReason="services : getActionDetailsByAssignUser : service updated&#10;getActionsByID : service added&#10;" timestamp="2020-01-06T20:38:23.974+05:30" user="Administrator"/><ConfigurationChange changeAction="MODIFY" changeReason="services : getActionsByID : service updated&#10;" timestamp="2020-01-06T20:39:41.018+05:30" user="Administrator"/><ConfigurationChange changeAction="MODIFY" changeReason="services : getActionsByID : output updated&#10;" timestamp="2020-01-06T20:40:15.921+05:30" user="Administrator"/><ConfigurationChange changeAction="MODIFY" changeReason="services : getTestDocumentFromAction : service added&#10;" timestamp="2020-01-07T10:42:34.264+05:30" user="Administrator"/><ConfigurationChange changeAction="MODIFY" changeReason="services : getTestDocumentFromAction : service updated&#10;" timestamp="2020-01-07T10:45:31.992+05:30" user="Administrator"/><ConfigurationChange changeAction="MODIFY" changeReason="services : changetestDocStateIDtoValue : service added&#10;" timestamp="2020-01-07T10:46:30.014+05:30" user="Administrator"/><ConfigurationChange changeAction="MODIFY" changeReason="services : changeStateIDtoValue : service updated&#10;changetestDocStateIDtoValue : output updated, input parameter testCaseID added, inputs updated, input parameter testCaseID deleted, inputs updated, input parameter testDocumentID added, inputs updated, input parameter testDocumentID updated, inputs updated&#10;" timestamp="2020-01-07T10:52:23.892+05:30" user="Administrator"/><ConfigurationChange changeAction="MODIFY" changeReason="services : credentialCheck : output updated&#10;" timestamp="2020-01-07T12:30:39.294+05:30" user="Administrator"/><ConfigurationChange changeAction="MODIFY" changeReason="services : getActionDetailsByAssignUser : input parameter assignUser updated, inputs updated&#10;" timestamp="2020-01-07T15:46:37.961+05:30" user="Administrator"/><ConfigurationChange changeAction="MODIFY" changeReason="services : loadingmashupService : service added&#10;" timestamp="2020-01-08T11:55:14.167+05:30" user="Administrator"/><ConfigurationChange changeAction="MODIFY" changeReason="services : loadingmashupService : input parameter loadingInput added, inputs updated, output updated&#10;" timestamp="2020-01-08T13:22:56.061+05:30" user="Administrator"/><ConfigurationChange changeAction="MODIFY" changeReason="services : credentialCheck : service updated&#10;" timestamp="2020-01-08T14:23:21.921+05:30" user="Administrator"/><ConfigurationChange changeAction="MODIFY" changeReason="services : loadingmashupService : service deleted&#10;" timestamp="2020-01-08T15:37:20.226+05:30" user="Administrator"/><ConfigurationChange changeAction="MODIFY" changeReason="services : credentialCheck : service updated&#10;" timestamp="2020-01-08T15:38:54.689+05:30" user="Administrator"/><ConfigurationChange changeAction="MODIFY" changeReason="services : credentialCheck : output updated&#10;" timestamp="2020-01-08T15:48:04.070+05:30" user="Administrator"/><ConfigurationChange changeAction="MODIFY" changeReason="services : credentialCheck : service updated&#10;" timestamp="2020-01-08T15:56:35.744+05:30" user="Administrator"/><ConfigurationChange changeAction="MODIFY" changeReason="services : credentialCheck : service updated&#10;" timestamp="2020-01-08T15:58:00.360+05:30" user="Administrator"/><ConfigurationChange changeAction="MODIFY" changeReason="services : credentialCheck : service updated&#10;" timestamp="2020-01-08T15:59:52.549+05:30" user="Administrator"/><ConfigurationChange changeAction="MODIFY" changeReason="services : credentialCheck : service updated&#10;" timestamp="2020-01-08T16:04:19.575+05:30" user="Administrator"/><ConfigurationChange changeAction="MODIFY" changeReason="services : credentialCheck : service updated&#10;" timestamp="2020-01-08T16:04:54.444+05:30" user="Administrator"/><ConfigurationChange changeAction="MODIFY" changeReason="services : credentialCheck : service updated&#10;" timestamp="2020-01-08T16:06:20.563+05:30" user="Administrator"/><ConfigurationChange changeAction="MODIFY" changeReason="services : credentialCheck : service updated&#10;" timestamp="2020-01-08T16:08:55.119+05:30" user="Administrator"/><ConfigurationChange changeAction="MODIFY" changeReason="services : credentialCheck : service updated&#10;" timestamp="2020-01-08T16:10:06.872+05:30" user="Administrator"/><ConfigurationChange changeAction="MODIFY" changeReason="services : credentialCheck : service updated&#10;severAuthCheck : service added&#10;" timestamp="2020-01-08T16:11:41.539+05:30" user="Administrator"/><ConfigurationChange changeAction="MODIFY" changeReason="services : severAuthCheck : service updated, input parameter userName deleted, inputs updated, input parameter password deleted, inputs updated, input parameter statusInput added, inputs updated, input parameter responseStatus updated, inputs updated&#10;" timestamp="2020-01-08T17:16:07.724+05:30" user="Administrator"/><ConfigurationChange changeAction="MODIFY" changeReason="services : serverStatusCheck : service added&#10;" timestamp="2020-01-08T17:17:42.789+05:30" user="Administrator"/><ConfigurationChange changeAction="MODIFY" changeReason="services : severAuthCheck : service deleted&#10;" timestamp="2020-01-08T17:17:54.153+05:30" user="Administrator"/><ConfigurationChange changeAction="MODIFY" changeReason="services : changeStateIDtoValue : service updated&#10;" timestamp="2020-01-08T17:45:32.508+05:30" user="Administrator"/><ConfigurationChange changeAction="MODIFY" changeReason="services : changeStateIDtoValue : service updated&#10;" timestamp="2020-01-08T17:46:49.299+05:30" user="Administrator"/><ConfigurationChange changeAction="MODIFY" changeReason="services : changetestDocStateIDtoValue : service updated&#10;" timestamp="2020-01-08T17:48:43.936+05:30" user="Administrator"/><ConfigurationChange changeAction="MODIFY" changeReason="services : getActionDetailsByAssignUser : service updated&#10;" timestamp="2020-01-08T17:49:33.951+05:30" user="Administrator"/><ConfigurationChange changeAction="MODIFY" changeReason="services : getActionsByID : service updated&#10;" timestamp="2020-01-08T18:15:37.316+05:30" user="Administrator"/><ConfigurationChange changeAction="MODIFY" changeReason="services : getTestDocumentFromAction : service updated&#10;gridQueryFilterService : service added, input parameter queryFilterInput updated, inputs updated&#10;" timestamp="2020-01-08T18:28:18.488+05:30" user="Administrator"/><ConfigurationChange changeAction="MODIFY" changeReason="services : gridQueryFilterService : service updated, input parameter assignUser added, inputs updated&#10;" timestamp="2020-01-08T18:41:31.520+05:30" user="Administrator"/><ConfigurationChange changeAction="MODIFY" changeReason="services : serverStatusCheck : service updated&#10;gridQueryFilterService : input parameter queryFilterInput updated, inputs updated&#10;" timestamp="2020-01-08T18:57:20.985+05:30" user="Administrator"/><ConfigurationChange changeAction="MODIFY" changeReason="services : gridQueryFilterService : service updated&#10;" timestamp="2020-01-08T19:02:33.527+05:30" user="Administrator"/></ConfigurationChanges></Thing></Things></Entities>